name;frequency
Laura;623
Sarah;477
Lea;426
Michelle;405
Sara;386
Jessica;370
Julia;342
Vanessa;323
Chiara;318
Nina;309
Lara;306
Celine;304
Lisa;283
Jasmin;278
Melanie;266
Anna;259
Fabienne;246
Selina;230
Nadine;222
Jana;211
Noemi;205
Alessia;205
Sabrina;202
Tamara;191
Elena;186
Rahel;186
Larissa;182
Nicole;173
Alexandra;170
Anja;168
Livia;163
Sina;160
Sophie;159
Jennifer;150
Melissa;149
Luana;147
Leonie;144
Elisa;142
Lena;139
Lorena;135
Alina;133
Martina;133
Andrea;133
Aline;131
Stefanie;130
Emma;127
Julie;121
Olivia;116
Nadja;116
Giulia;113
Linda;113
Zoe;112
Sarina;112
Tanja;112
Camille;109
Samira;108
Svenja;107
Marie;105
Léa;103
Marina;102
Fiona;101
Rebecca;101
Ramona;101
Sandra;101
Emilie;100
Nathalie;100
Kim;99
Chantal;99
Salome;98
Valentina;97
Caroline;96
Naomi;95
Manon;95
Angela;94
Sofia;88
Melina;88
Diana;88
Seraina;88
Eva;87
Mathilde;85
Joana;83
Daniela;81
Estelle;79
Simona;78
Deborah;77
Charlotte;76
Nadia;76
Saskia;76
Milena;75
Maria;74
Ana;73
Céline;73
Carmen;73
Pauline;72
Flavia;72
Nora;71
Alicia;71
Elodie;71
Alice;70
Debora;69
Vera;68
Jenny;68
Marion;67
Leandra;66
Delia;66
Justine;66
Sophia;65
Anina;63
Anita;63
Marine;63
Ladina;62
Chloé;62
Patricia;62
Claudia;61
Eliane;61
Natalie;61
Ronja;60
Victoria;60
Valeria;60
Isabelle;60
Leila;60
Maeva;60
Stephanie;60
Carla;59
Lucie;59
Morgane;59
Sonja;58
Mirjam;58
Cindy;58
Gina;56
Joelle;56
Fanny;56
Ivana;56
Adriana;55
Celina;55
Manuela;55
Mara;54
Miriam;54
Noa;54
Alisha;54
Tabea;54
Tina;54
Vivienne;52
Chloe;52
Juliette;52
Jasmine;51
Annina;51
Corina;51
Tania;51
Hannah;50
Lynn;50
Alexia;50
Samantha;50
Ines;50
Katja;50
Anouk;49
Laetitia;49
Shania;49
Corinne;49
Oceane;49
Audrey;48
Viviane;48
Noemie;48
Aurora;47
Clara;47
Kristina;47
Noelle;47
Giada;46
Cheyenne;46
Tatjana;46
Bleona;46
Edona;46
Alyssa;45
Michaela;45
Jelena;45
Anastasia;44
Irina;44
Soraya;44
Muriel;44
Simone;44
Amanda;43
Jael;43
Rachel;43
Andrina;43
Melisa;42
Janina;42
Aurélie;42
Jill;42
Luna;41
Alessandra;41
Celia;41
Tiffany;40
Emily;39
Noémie;39
Dana;39
Leonora;38
Dilara;38
Sharon;38
Océane;38
Karin;38
Lia;37
Amelie;37
Daria;37
Margaux;37
Annika;37
Meret;37
Jeanne;37
Alena;36
Valerie;36
Joy;36
Coralie;36
Francesca;36
Pascale;36
Anais;36
Giorgia;35
Selin;35
Xenia;35
Stella;34
Gabriela;34
Denise;34
Mia;33
Romina;33
Alissa;33
Elsa;33
Yasmine;33
Arta;33
Hanna;32
Isabel;32
Jil;32
Rebekka;32
Carina;32
Amandine;32
Anne;32
Tatiana;32
Marisa;31
Mélissa;31
Shannon;31
Lina;30
Zoé;30
Bianca;30
Flurina;30
Ilaria;30
Aleksandra;30
Mariana;30
Cristina;30
Jade;30
Mélanie;30
Belinda;30
Cynthia;30
Amélie;29
Johanna;29
Maya;29
Yasmin;29
Sonia;29
Selma;28
Gianna;28
Letizia;28
Claire;28
Florence;28
Iris;28
Katarina;28
Kelly;28
Valentine;28
Serena;27
Anaïs;27
Antonia;27
Louise;27
Elise;27
Joanna;27
Marija;27
Cassandra;27
Veronica;27
Jacqueline;27
Paula;26
Lucia;26
Arianna;26
Silvia;26
Dominique;26
Laure;26
Shana;26
Bettina;26
Aurore;26
Delphine;26
Barbara;26
Amina;25
Ilona;25
Lejla;25
Ella;24
Viola;24
Gloria;24
Jasmina;24
Catarina;24
Yara;23
Eleonora;23
Angelina;23
Carolina;23
Marta;23
Laila;23
Aisha;23
Oriane;23
Katharina;23
Lydia;23
Petra;23
Donika;23
Coline;23
Alison;23
Egzona;23
Luisa;22
Isabella;22
Leana;22
Christina;22
Milica;22
Ariane;22
Erika;22
Franziska;22
Sheila;22
Dafina;22
Pamela;22
Helena;21
Lou;21
Natalia;21
Florentina;21
Margot;21
Megan;21
Fabia;21
Fabiana;21
Mégane;21
Elin;20
Alma;20
Aurelia;20
Noelia;20
Matilde;20
Fatima;20
Luzia;20
Vivien;20
Federica;20
Sereina;20
Célia;20
Vanesa;20
Samanta;20
Elina;19
Leyla;19
Aylin;19
Anika;19
Pia;19
Alba;19
Camilla;19
Jovana;19
Kimberly;19
Rita;19
Sanja;19
Romane;19
Monika;19
Ariana;18
Yael;18
Medina;18
Elif;18
Ilenia;18
Lola;18
Dina;18
Aida;18
Melinda;18
Seline;18
Adelina;18
Viviana;18
Virginia;18
Tara;17
Maja;17
Malin;17
Gioia;17
Juliana;17
Helen;17
Zora;17
Rina;17
Charline;17
Axelle;17
Maude;17
Myriam;17
Florina;17
Roxane;17
Silja;17
Ajla;16
Anastasija;16
Elisabeth;16
Helin;16
Mona;16
Riana;16
Simea;16
Kyra;16
Raquel;16
Selena;16
Morena;16
Inès;16
Naima;16
Erica;16
Miranda;16
Kaltrina;16
Leonita;16
Lily;15
Amira;15
Leah;15
Asia;15
Maëlle;15
Gaia;15
Moana;15
Naemi;15
Léane;15
Gwendoline;15
Joanne;15
Andjela;15
Liv;14
Aleyna;14
Nuria;14
Beatrice;14
Adina;14
Alissia;14
Leoni;14
Alix;14
Flora;14
Greta;14
Irene;14
Salomé;14
Ilayda;14
Silvana;14
Albina;14
Laurie;14
Laeticia;14
Mira;13
Leona;13
Moira;13
Giuliana;13
Irem;13
Verona;13
Laurine;13
Leticia;13
Eveline;13
Tanya;13
Felicia;12
Nerea;12
Marlene;12
Veronika;12
Vivian;12
Eileen;12
Judith;12
Kenza;12
Magdalena;12
Sofie;12
Solène;12
Jamie;12
Aileen;12
Marianna;12
Matea;12
Melani;12
Ambre;12
Joëlle;12
Esra;12
Iman;12
Alizée;12
Caterina;12
Evelyne;12
Fatma;12
Emilia;11
Mila;11
Elea;11
Louisa;11
Thea;11
Alisa;11
Amra;11
Léonie;11
Enya;11
Liliana;11
Melody;11
Rhea;11
Tessa;11
Eloïse;11
Anisa;11
Beatriz;11
Elma;11
Paola;11
Shirin;11
Ylenia;11
Aude;11
Diane;11
Ophélie;11
Adrienne;11
Filipa;11
Jolanda;11
Anne-Sophie;11
Lidia;11
Nikita;11
Riccarda;11
Lauriane;11
Sabine;11
Natasha;11
Matilda;10
Amy;10
Dalia;10
Cecilia;10
Lilly;10
Josephine;10
Rose;10
Astrid;10
Esther;10
Lilian;10
Samara;10
Alyssia;10
Norina;10
Raphaela;10
Yasmina;10
Clarissa;10
Inês;10
Larisa;10
Malika;10
Maelle;10
Ashley;10
Gabriella;10
Dijana;10
Agathe;10
Clémentine;10
Zeynep;10
Berfin;10
Leïla;10
Line;10
Cloé;10
Elona;10
Oriana;10
Anissa;10
Tamina;10
Artina;10
Merisa;10
Raffaela;10
Mandy;10
Jara;9
Klara;9
Azra;9
Teodora;9
Amalia;9
Teresa;9
Maxine;9
Natalija;9
Daphne;9
Eden;9
Gabrielle;9
Heidi;9
Ruth;9
Stefania;9
Emine;9
Loana;9
Léna;9
Méline;9
Mélina;9
Ayse;9
Wendy;9
Angelica;9
Bruna;9
Mariam;9
Sinja;9
Magali;9
Anna-Lena;9
Damla;9
Maureen;9
Nancy;9
Dalila;9
Marianne;9
Amelia;8
Romy;8
Kaja;8
Clea;8
Layla;8
Ambra;8
Timea;8
Viktoria;8
Eline;8
Asya;8
Ellen;8
Valérie;8
Amela;8
Annik;8
Aulona;8
Karina;8
Micaela;8
Nikolina;8
Regina;8
Ursina;8
Alexa;8
Nour;8
Héloïse;8
Adeline;8
Esma;8
Isaline;8
Dorina;8
Candice;8
Auriane;8
Clarisse;8
Déborah;8
Ludivine;8
Nolwenn;8
Samia;8
Sibel;8
Denisa;8
Derya;8
Ivona;8
Marcia;8
Murielle;8
Romana;8
Sahra;8
Lorine;8
Roxanne;8
Maud;8
Katrin;8
Leane;8
Eliana;7
Ayla;7
Mina;7
Mathilda;7
Rosa;7
Rea;7
Abigail;7
Adele;7
Eleonore;7
Evelyn;7
Lauren;7
Clémence;7
Cécile;7
Dania;7
Eloise;7
Eve;7
Liliane;7
Soraia;7
Vlera;7
Marlen;7
Chelsea;7
Elia;7
Annabelle;7
Maida;7
Zaira;7
Garance;7
Thalia;7
Thaïs;7
Anela;7
Rania;7
Dilan;7
Catherine;7
Désirée;7
Erza;7
Anna-Lea;7
Cora;7
Sira;7
Tijana;7
Stacy;7
Lorraine;7
Ida;6
Lucy;6
Paulina;6
Eleni;6
Kiara;6
Eda;6
Ina;6
Neva;6
Bigna;6
Eliza;6
Kaya;6
Robyn;6
Sena;6
Uma;6
Era;6
Jona;6
Apolline;6
Cléa;6
Dunja;6
Francisca;6
Joya;6
Karla;6
Madleina;6
Lorina;6
Maryam;6
Joyce;6
Annalea;6
Chayenne;6
Louane;6
Tess;6
Zehra;6
Jenna;6
Jemima;6
Dajana;6
Susanna;6
Lilou;6
Maëva;6
Adna;6
Anesa;6
Davina;6
Jane;6
May;6
Nada;6
Naomie;6
Kate;6
Yaelle;6
Caitlin;6
Hilal;6
Irma;6
Lidija;6
Mihaela;6
Aurela;6
Jessie;6
Madeleine;6
Mary;6
Shayenne;6
Angélique;6
Jessy;6
Magalie;6
Michèle;6
Hana;5
Malou;5
Ema;5
Iva;5
Ena;5
Ada;5
Ruby;5
Alana;5
Kira;5
Alia;5
Tea;5
Amber;5
Amélia;5
Cleo;5
Grace;5
Lavinia;5
Milla;5
Vittoria;5
Zana;5
Anik;5
Janna;5
Lora;5
Suela;5
Tenzin;5
Aya;5
Aysha;5
Carmela;5
Clelia;5
Emira;5
Jehona;5
Josefine;5
Ksenija;5
Lili;5
Liza;5
Noura;5
Noélie;5
Ophelia;5
Vanja;5
Franca;5
Anaëlle;5
Dora;5
Erin;5
Salma;5
Yaren;5
Agnès;5
Emeline;5
Celeste;5
Mascha;5
Alejna;5
Katerina;5
Robine;5
Sally;5
Allison;5
Lucrezia;5
Aliénor;5
Stéphanie;5
Lise;5
Elira;5
Robin;5
Saphira;5
Rana;5
Charlene;5
Emina;5
Florine;5
Malaika;5
Maren;5
Adrijana;5
Agnes;5
Cilia;5
Enisa;5
Indira;5
Mirella;5
Smilla;5
Aicha;5
Felicitas;5
Gwendolyn;5
Karolina;5
Leslie;5
Meline;5
Natali;5
Serafina;5
Vjosa;5
Annalisa;5
Charlène;5
Kassandra;5
Meryl;5
Noor;5
Olga;5
Orianne;5
Prisca;5
Emanuela;5
Gillian;5
Julija;5
Liana;4
Malena;4
Ivy;4
Linn;4
Lana;4
Madlaina;4
Nejla;4
Theresa;4
Zara;4
Ciara;4
Marla;4
Rebeka;4
Zahra;4
Arina;4
Chana;4
Fadrina;4
Giovanna;4
Melis;4
Dayana;4
Ilana;4
Jodie;4
Anila;4
Constance;4
Hélène;4
Nadya;4
Halima;4
Kayla;4
Philine;4
Elora;4
Agnese;4
Léana;4
Amel;4
Ainhoa;4
Danaé;4
Flore;4
Catalina;4
Wanda;4
Georgia;4
Luciana;4
Marielle;4
Marisol;4
Medea;4
Fatime;4
Violeta;4
Yamina;4
Afra;4
Andrijana;4
Anna-Maria;4
Arianne;4
Bahar;4
Elida;4
Elita;4
Esmeralda;4
Filomena;4
Holly;4
Marica;4
Melany;4
Mirja;4
Noah;4
Nubya;4
Sila;4
Athina;4
Albane;4
Anabel;4
Estella;4
Loane;4
Mélinda;4
Tiphaine;4
Daiana;4
Pelin;4
Berivan;4
Ece;4
Elisabetta;4
Emel;4
Marilyn;4
Selene;4
Stefani;4
Zainab;4
Alea;3
Sofija;3
Asja;3
Ayana;3
Tiana;3
Nayla;3
Eleanor;3
Emilija;3
Carlota;3
Lya;3
Annabel;3
Mai;3
Marilou;3
Pina;3
Rebeca;3
Theodora;3
Asma;3
Cara;3
Edith;3
Elizabeth;3
Erina;3
Evelina;3
Liora;3
Melike;3
Naila;3
Noëmi;3
Rim;3
Svea;3
Emely;3
Anic;3
Yaël;3
Amani;3
Annie;3
Khadija;3
Adèle;3
Cloe;3
Eléa;3
Géraldine;3
Janet;3
Laurena;3
Leanne;3
Loresa;3
Martha;3
Rafaela;3
Rinesa;3
Ylva;3
Philomena;3
Ewa;3
Sumeja;3
Eléonore;3
Cassandre;3
Sasha;3
Yana;3
Perla;3
Antonella;3
Sherin;3
Louanne;3
Rubina;3
Ginevra;3
Luce;3
Lila;3
Assia;3
Capucine;3
Charlyne;3
Eugénie;3
Emmy;3
Enola;3
Iara;3
Ilena;3
Louna;3
Mariama;3
Soline;3
Adélie;3
Maurine;3
Farah;3
Juliane;3
Danai;3
Gwen;3
Loriana;3
Noëlle;3
Safa;3
Djamila;3
India;3
Marwa;3
Ornella;3
Sari;3
Zerina;3
Altea;3
Anique;3
Charleen;3
Donia;3
Gwendolin;3
Laureen;3
Louana;3
Madlen;3
Meliha;3
Melodie;3
Mylene;3
Norma;3
Sabrine;3
Elza;3
Zina;3
Alyson;3
Angie;3
Cécilia;3
Lou-Anne;3
Léah;3
Maéva;3
Nastasia;3
Alida;3
Ayah;3
Cyrielle;3
Daniella;3
Doriana;3
Evelin;3
Lorita;3
Maite;3
Marita;3
Sacha;3
Samra;3
Shaya;3
Vivianne;3
Zohra;3
Ava;2
Malia;2
Maila;2
Malina;2
Carlotta;2
Freya;2
Alya;2
Nisa;2
Larina;2
Lua;2
Aaliyah;2
Naya;2
Alara;2
Dahlia;2
Emelie;2
Joline;2
Lilia;2
Maira;2
Mattea;2
Philippa;2
Ajlin;2
Hava;2
Iliana;2
Luise;2
Talia;2
Tuana;2
Una;2
Amadea;2
Anahita;2
Camila;2
Dila;2
Joséphine;2
Kiana;2
Leonor;2
Mae;2
Ria;2
Sanna;2
Vida;2
Yusra;2
Aila;2
Aitana;2
Anya;2
Artemis;2
Ayleen;2
Azzurra;2
Dalina;2
Danica;2
Dara;2
Edina;2
Electra;2
Felina;2
Giuanna;2
Isidora;2
Jorina;2
June;2
Kara;2
Kyara;2
Lenja;2
Lilli;2
Liona;2
Melek;2
Nele;2
Nelly;2
Noe;2
Nyah;2
Seraphina;2
Talina;2
Théa;2
Enja;2
Elyn;2
Faye;2
Jamila;2
Eli;2
Gemma;2
Jamina;2
Jela;2
Maé;2
Mireille;2
Nives;2
Rihana;2
Riona;2
Mena;2
Jarina;2
Angèle;2
Madalena;2
Zélie;2
Athena;2
Evin;2
Learta;2
Stina;2
Diona;2
Sevda;2
Zippora;2
Margherita;2
Meghan;2
Elettra;2
Margarida;2
Cassie;2
Madison;2
Pénélope;2
Aminata;2
Andréa;2
Béatrice;2
Délia;2
Lucille;2
Lydie;2
Mafalda;2
Maram;2
Sumea;2
Ayline;2
Aïcha;2
Maylis;2
Paloma;2
Nayara;2
Kayleen;2
Naïla;2
Safiya;2
Enna;2
Maela;2
Emi;2
Erva;2
Ronya;2
Amna;2
Ann-Sophie;2
Daliah;2
Myra;2
Annatina;2
Bushra;2
Ioanna;2
Marilena;2
Melea;2
Nawel;2
Nilay;2
Rabea;2
Shila;2
Sihana;2
Sumaya;2
Suna;2
Alisia;2
Andreina;2
Arabella;2
Celin;2
Delal;2
Dorotea;2
Elenia;2
Elisha;2
Emmeline;2
Erna;2
Fay;2
Félicia;2
Giuseppina;2
Halime;2
Jaelle;2
Jasemin;2
Jule;2
Junia;2
Lisha;2
Mirjana;2
Monja;2
Raffaella;2
Rejhana;2
Sera;2
Soumaya;2
Xena;2
Zipporah;2
Naomy;2
Téa;2
Emelyne;2
Erisa;2
Kadija;2
Lamia;2
Laureline;2
Laëtitia;2
Masha;2
Meredith;2
Solange;2
Maddalena;2
Yaëlle;2
Armela;2
Asmaa;2
Bensu;2
Clélia;2
Destiny;2
Ebba;2
Evana;2
Gilda;2
Lee;2
Leena;2
Mabel;2
Shaina;2
Shanna;2
Sheena;2
Tosca;2
Juna;1
Ela;1
Yuna;1
Aria;1
Neyla;1
Runa;1
Aliyah;1
Amara;1
Elli;1
Nela;1
Filippa;1
Leia;1
Liva;1
Luena;1
Rona;1
Adea;1
Leya;1
Nova;1
Siara;1
Ajna;1
Céleste;1
Dea;1
Kalea;1
Lenia;1
Nia;1
Zoë;1
Jusra;1
Nila;1
Rosalie;1
Roza;1
Siana;1
Wilma;1
Andjelina;1
Arielle;1
Defne;1
Eliz;1
Enea;1
Harriet;1
Ilijana;1
Inaya;1
Jonna;1
Linea;1
Lucía;1
Madita;1
Malu;1
Merle;1
Penelope;1
Scarlett;1
Tiara;1
Aela;1
Agata;1
Ainoa;1
Alaia;1
Amaya;1
Bora;1
Charlie;1
Clio;1
Colette;1
Delina;1
Deniz;1
Dimitra;1
Ejona;1
Eleana;1
Evie;1
Flor;1
Jolina;1
Kaira;1
Kalina;1
Keyla;1
Klaudia;1
Lavin;1
Leonore;1
Lidya;1
Liz;1
Luca;1
Ludovica;1
Mali;1
Margo;1
Mari;1
Maribel;1
Marie-Lou;1
Mathea;1
Maylin;1
Mayumi;1
Meryem;1
Milana;1
Naira;1
Nayra;1
Nelia;1
Nella;1
Ona;1
Rahma;1
Raya;1
Serafine;1
Shanaya;1
Solenne;1
Tia;1
Viktorija;1
Yumi;1
Mya;1
Eleah;1
Isra;1
Jaël;1
Layana;1
Nura;1
Tasnim;1
Allegra;1
Amal;1
Antea;1
Cali;1
Efrata;1
Freyja;1
Luz;1
Léanne;1
Noelani;1
Noémi;1
Solveig;1
Elara;1
Maura;1
Aïsha;1
Flavie;1
Lilya;1
Lindsay;1
Lyne;1
Léonore;1
Malak;1
Jeta;1
Roya;1
Fleur;1
Ajlina;1
Amila;1
Darija;1
Saira;1
Vicky;1
Anea;1
Zuzanna;1
Amine;1
Ariela;1
Arin;1
Georgina;1
Kayra;1
Miray;1
Philina;1
Sue;1
Zoja;1
Atena;1
Benedetta;1
Dafne;1
Daisy;1
Micol;1
Summer;1
Olympe;1
Cassy;1
Daphné;1
Isis;1
Moïra;1
Neha;1
Safia;1
Suzanne;1
Thelma;1
Alixe;1
Amaia;1
Baya;1
Cléo;1
Célestine;1
Débora;1
Eunice;1
Isaure;1
Kyana;1
Layel;1
Léontine;1
Maïka;1
Naïma;1
Oona;1
Elhana;1
Maeve;1
Sana;1
Taïs;1
Nélia;1
Maïssa;1
Aïla;1
Izia;1
Shirel;1
Leora;1
Soe;1
Asija;1
Josefina;1
Luiza;1
Adela;1
Chanel;1
Elana;1
Emili;1
Eyleen;1
Maxime;1
Nil;1
Seraphine;1
Amely;1
Ani;1
Asra;1
Ayumi;1
Berra;1
Bianka;1
Binia;1
Doaa;1
Elie;1
Erda;1
Hawa;1
Hope;1
Ilea;1
Karma;1
Lamija;1
Laurina;1
Levia;1
Lianne;1
Lin;1
Majda;1
Mariella;1
Meva;1
Mikal;1
Nerina;1
Pema;1
Phoebe;1
Romi;1
Sayra;1
Selima;1
Sky;1
Sumeya;1
Tilia;1
Tyra;1
Adel;1
Afrona;1
Aimée;1
Ajda;1
Alicja;1
Aliena;1
Alysha;1
Anisha;1
Araceli;1
Ariadna;1
Arijona;1
Aruna;1
Asiya;1
Aurelya;1
Aviva;1
Besmira;1
Bérénice;1
Calina;1
Carlina;1
Celestine;1
Colleen;1
Dalida;1
Deliah;1
Dibora;1
Doroteja;1
Dzana;1
Edna;1
Elissa;1
Ely;1
Emela;1
Erla;1
Estrella;1
Eugenia;1
Evine;1
Eya;1
Fiora;1
Hanifa;1
Havva;1
Ilirida;1
Ilma;1
Inga;1
Ingrid;1
Ira;1
Jerina;1
Josefin;1
Juana;1
Keisha;1
Leanna;1
Lilja;1
Lillian;1
Luara;1
Lucina;1
Maaike;1
Maly;1
Maral;1
Marielou;1
Marly;1
Marylou;1
Michalina;1
Minea;1
Miria;1
Naile;1
Nayana;1
Neala;1
Neomi;1
Neya;1
Nikki;1
Niya;1
Noomi;1
Rayana;1
Reja;1
Ronia;1
Sabiha;1
Sahar;1
Savannah;1
Senja;1
Svenia;1
Wilhelmina;1
Yela;1
Yu;1
Zeliha;1
Zeyneb;1
Zipora;1
Maïlys;1
Abigaël;1
Aïda;1
Inés;1
Nell;1
Zoya;1
Annaëlle;1
Athénaïs;1
Chloë;1
Hina;1
Inna;1
Itzel;1
Justina;1
Kahina;1
Keila;1
Lianna;1
Loïse;1
Mahault;1
Marguerite;1
Ness;1
Orianna;1
Sylvia;1
Séléna;1
Séphora;1
Tanvi;1
Alesia;1
Alexine;1
Anabelle;1
Annabella;1
Delvina;1
Duaa;1
Duha;1
Ellyn;1
Fatemeh;1
Isa;1
Jemma;1
Lanna;1
Livya;1
Loïs;1
Lysa;1
Majken;1
Meena;1
Mikaela;1
Mirka;1
Mounia;1
Nayah;1
Nayma;1
Niki;1
Nya;1
Rébecca;1
Saja;1
Sania;1
Siham;1
Sima;1
Timéa;1
Yelena;1
Yona;1
Ysabel;1
Malea;0
Klea;0
Liara;0
Ellie;0
Dua;0
Leni;0
Finja;0
Alva;0
Arya;0
Inara;0
Kaia;0
Sienna;0
Frida;0
Liyana;0
Hailey;0
Lotta;0
Zoey;0
Cataleya;0
Aliya;0
Siena;0
Hira;0
Liya;0
Mayla;0
Nika;0
Tilda;0
Lenya;0
Merjem;0
Mika;0
Najla;0
Nea;0
Nefeli;0
Sidra;0
Agatha;0
Ajana;0
Bella;0
Diara;0
Eliona;0
Gelila;0
Laia;0
Linnea;0
Maia;0
Maa;0
Melia;0
Nala;0
Rajana;0
Reina;0
Rüya;0
Tilla;0
Aina;0
Alenia;0
Aleya;0
Amea;0
Amen;0
Amália;0
Arisa;0
Aura;0
Belén;0
Eira;0
Fenja;0
Giulietta;0
Juno;0
Laya;0
Lene;0
Letícia;0
Lien;0
Lira;0
Lyana;0
Malie;0
Maliya;0
Milou;0
Naiara;0
Narin;0
Nava;0
Nayeli;0
Neah;0
Noée;0
Oana;0
Olive;0
Pola;0
Quinn;0
Rajja;0
Ronela;0
Rya;0
Samaira;0
Skye;0
Sofía;0
Suri;0
Talya;0
Yoko;0
Élise;0
Aarna;0
Aenna;0
Aiyana;0
Aksa;0
Akshara;0
Alaïa;0
Aliana;0
Alíz;0
Ameli;0
Amilia;0
Anni;0
Antonina;0
Ariadne;0
Ariel;0
Ariella;0
Asmin;0
Atiya;0
Aurea;0
Avalon;0
Aveline;0
Ayanna;0
Aylén;0
Beliz;0
Benedita;0
Billie;0
Bonnie;0
Cecília;0
Cemre;0
Chava;0
Chaya;0
Coco;0
Danna;0
Doa;0
Doena;0
Elaia;0
Elanur;0
Elaya;0
Elenya;0
Eleyna;0
Eliv;0
Elika;0
Emy;0
Enni;0
Esila;0
Fajar;0
Felice;0
Fina;0
Finnja;0
Franka;0
Frieda;0
Hafsa;0
Hayat;0
Helia;0
Ilay;0
Ilvy;0
Io;0
Ivanka;0
Jannah;0
Jemina;0
Jolene;0
Joni;0
Jora;0
Kataleya;0
Lajla;0
Lanika;0
Larin;0
Lenka;0
Leyana;0
Leyna;0
Liah;0
Lian;0
Libi;0
Liel;0
Lielle;0
Lijana;0
Lilith;0
Lilo;0
Linnéa;0
Lis;0
Liyah;0
Louelle;0
Lura;0
Lyanna;0
Maelia;0
Mahira;0
Maliyah;0
Maranatha;0
Marlène;0
Matylda;0
Mavi;0
Mayleen;0
Mayra;0
Mei;0
Merina;0
Meyra;0
Murael;0
Mélodie;0
Nare;0
Neda;0
Nellie;0
Nera;0
Nola;0
Norah;0
Ottilia;0
Parajsa;0
Rey;0
Reyna;0
Riley;0
Romea;0
Rufta;0
Rumesa;0
Saida;0
Saron;0
Soley;0
Solin;0
Taya;0
Tayra;0
Vaiana;0
Valea;0
Ylvi;0
Ylvie;0
Yuma;0
Zaha;0
Zofia;0
Zuhal;0
Éloïse;0
Émilie;0
Íris;0
Betiel;0
Minna;0
Andra;0
Arwen;0
Charlotta;0
Elly;0
Hermela;0
Joleen;0
Leilani;0
Nalia;0
Élodie;0
Abby;0
Aiana;0
Alani;0
Aleja;0
Arsema;0
Ayat;0
Brianna;0
Brielle;0
Elayna;0
Eleny;0
Elim;0
Elyna;0
Filina;0
Heran;0
Ilaya;0
Ileyna;0
Isla;0
Kejsi;0
Laelia;0
Malya;0
Marlena;0
Mava;0
Maëly;0
Meylin;0
Miléne;0
Myla;0
Méloé;0
Nahia;0
Nami;0
Nara;0
Nardos;0
Nausicaa;0
Olin;0
Rayhana;0
Rejana;0
Sayana;0
Soey;0
Sora;0
Vitória;0
Viyan;0
Yva;0
Zaya;0
Zea;0
Zejna;0
Lienne;0
Afnan;0
Ayra;0
Elenor;0
Eylin;0
Hazel;0
Hosanna;0
Jonida;0
Júlia;0
Lyara;0
Morea;0
Soé;0
Solea;0
Anaé;0
Elya;0
Elyne;0
Evy;0
Nalya;0
Abigaëlle;0
Adaline;0
Enora;0
Kamila;0
Lalia;0
Loyse;0
Lyna;0
Yostina;0
Arilena;0
Rumejsa;0
Soleil;0
Amaira;0
Arlet;0
Lani;0
Palina;0
Milea;0
Nehir;0
Anaya;0
Leja;0
Aaleyah;0
Ally;0
Amelija;0
Andrra;0
Dawa;0
Hidaya;0
Lenea;0
Lovis;0
Luina;0
Mailin;0
Naela;0
Nikolija;0
Suvi;0
Laraina;0
Peppina;0
Eldana;0
Elaine;0
Emeli;0
Lanea;0
Aldana;0
Angel;0
Ariola;0
Ariyam;0
Aryam;0
Aryana;0
Inaja;0
Jordan;0
Lediana;0
Lennja;0
Lilien;0
Maline;0
Megdelawit;0
Melodi;0
Naliya;0
Nastja;0
Shayra;0
Tarja;0
Viktória;0
Kanita;0
Nevia;0
Lennya;0
Livi;0
Tali;0
Hayley;0
Sole;0
Alin;0
Allyson;0
Elide;0
Sveva;0
Faustine;0
Inayah;0
Maëlys;0
Victoire;0
Ayna;0
Elaïa;0
Emna;0
Kylie;0
Lennie;0
Lexie;0
Maïna;0
Ninon;0
Willow;0
Aathira;0
Alyia;0
Amalya;0
Ariam;0
Assya;0
Bárbara;0
Calie;0
Charisma;0
Charlize;0
Delara;0
Elikia;0
Elynna;0
Enéa;0
Esme;0
Gaïa;0
Hanaé;0
Izïa;0
Kaylah;0
Laïa;0
Lily-Rose;0
Magda;0
Mallika;0
Mayli;0
Molly;0
Mylena;0
Mélissandre;0
Naëlle;0
Nelya;0
Neyah;0
Odile;0
Ohana;0
Sia;0
Thalya;0
Zita;0
Éléanore;0
Éléna;0
Éléonore;0
Alycia;0
Athéna;0
Auri;0
Carminho;0
Eléna;0
Jazz;0
Kamille;0
Maloé;0
Maëlie;0
Milene;0
Victória;0
Érica;0
Domitille;0
Essia;0
Kelya;0
Leïa;0
Maranata;0
Jennah;0
Elyana;0
Ilyana;0
Olívia;0
Abril;0
Adelaide;0
Adélaïde;0
Alyah;0
Arame;0
Ariya;0
Augustine;0
Brune;0
Casilda;0
Cléophée;0
Deva;0
Hanan;0
Imani;0
Imany;0
Janaé;0
Kadiatou;0
Kendra;0
Kiyana;0
Layane;0
Manel;0
Marley;0
Mayze;0
Maïa;0
Mirha;0
Miya;0
Mía;0
Nahya;0
Navya;0
Naïa;0
Neila;0
Philippine;0
Riga;0
Théodora;0
Zayna;0
Élia;0
Élina;0
Noela;0
Aleyah;0
Juli;0
Sare;0
Aaliya;0
Alaya;0
Anuk;0
Eleonor;0
Eleya;0
Gianina;0
Hiyab;0
Lorin;0
Maiva;0
Merida;0
Norea;0
Riva;0
Viana;0
Yorkabel;0
Alica;0
Amla;0
Andjelija;0
Arja;0
Ceylin;0
Diora;0
Elenie;0
Eslem;0
Jayla;0
Nalani;0
Neela;0
Niva;0
Nyla;0
Ruvejda;0
Selihom;0
Yade;0
Yuki;0
Ainara;0
Alenja;0
Anabela;0
Ananya;0
Anelia;0
Arba;0
Arsa;0
Asel;0
Avelina;0
Ayda;0
Belinay;0
Briana;0
Buna;0
Candela;0
Delilah;0
Diletta;0
Duena;0
Edda;0
Eila;0
Elektra;0
Elna;0
Elody;0
Emilya;0
Emylia;0
Ester;0
Evangeline;0
Felia;0
Fiamma;0
Hera;0
Hüma;0
Ilvie;0
Jaira;0
Jesira;0
Kalila;0
Karlotta;0
Kataleja;0
Khloé;0
Klára;0
Loreen;0
Loua;0
Lyn;0
Majla;0
Masal;0
Melaher;0
Meliah;0
Mija;0
Millie;0
Mrika;0
Nahla;0
Naleya;0
Neele;0
Nelina;0
Noelie;0
Noella;0
Núria;0
Oliwia;0
Pierina;0
Polina;0
Quirina;0
Rajna;0
Rani;0
Reyyan;0
Safira;0
Saga;0
Saya;0
Serra;0
Vitoria;0
Xhesina;0
Zahira;0
Zelal;0
Zelda;0
Zerya;0
Ziva;0
Zoi;0
Aadhya;0
Aava;0
Abigél;0
Adanna;0
Adelia;0
Adira;0
Adla;0
Adora;0
Aelia;0
Aelis;0
Aglaia;0
Ailin;0
Aira;0
Aiza;0
Alanna;0
Aleah;0
Aleena;0
Aleksija;0
Aliah;0
Aliki;0
Alisea;0
Almila;0
Alora;0
Alyna;0
Alysa;0
Alícia;0
Amalija;0
Amana;0
Amayah;0
Ambar;0
Ameena;0
Amelja;0
Amelya;0
Amia;0
Annemarie;0
Annic;0
Anu;0
Aolani;0
Apollonia;0
Ariadni;0
Arila;0
Arjola;0
Aseel;0
Asiyah;0
Athira;0
Athvika;0
Avani;0
Avina;0
Avril;0
Ayani;0
Aylina;0
Aynara;0
Aysegül;0
Ayuna;0
Aziza;0
Bina;0
Blina;0
Bryanna;0
Cathaleya;0
Celestina;0
Cielle;0
Claryssa;0
Courtney;0
Dalija;0
Dalya;0
Danaë;0
Darya;0
Delaja;0
Derin;0
Devi;0
Dhurata;0
Dijara;0
Dilaya;0
Dinea;0
Diya;0
Diyara;0
Dorela;0
Dorka;0
Ecmel;0
Eilin;0
Ejla;0
Ejna;0
Ekaterina;0
Elani;0
Elaria;0
Eleja;0
Elejna;0
Elika;0
Elikya;0
Ellenor;0
Elonie;0
Elva;0
Elvina;0
Elynn;0
Emiliana;0
Enara;0
Enia;0
Enie;0
Enissa;0
Ersa;0
Eshaal;0
Esmée;0
Esti;0
Eszter;0
Evina;0
Eyla;0
Eylül;0
Eyna;0
Fatuma;0
Fazile;0
Fenya;0
Finnya;0
Finya;0
Fiorina;0
Firdaous;0
Féline;0
Gala;0
Gesa;0
Hailie;0
Haley;0
Hanga;0
Hanni;0
Harper;0
Hasret;0
Havin;0
Hayden;0
Heaven;0
Hema;0
Hevi;0
Hevin;0
Hosana;0
Ibuki;0
Iga;0
Ikonija;0
Ikra;0
Ilenya;0
Ilina;0
Ilira;0
Iljana;0
Ilvi;0
Ilwaad;0
Iskra;0
Isotta;0
Jamira;0
Jania;0
Jazmín;0
Joeline;0
Jola;0
Jolien;0
Jolyn;0
Josephina;0
Josiane;0
Julieta;0
Julina;0
July;0
Junah;0
Juni;0
Kala;0
Kalani;0
Kanishka;0
Kaona;0
Karuna;0
Kasija;0
Katalea;0
Katana;0
Katie;0
Keira;0
Kelia;0
Keona;0
Lahja;0
Lale;0
Lamis;0
Layan;0
Layna;0
Leela;0
Lenna;0
Levinia;0
Lilianne;0
Lillie;0
Linara;0
Linja;0
Liwia;0
Loa;0
Lucja;0
Luwam;0
Luísa;0
Lyla;0
Macie;0
Maisa;0
Majvi;0
Mala;0
Maleya;0
Maliah;0
Manolya;0
Marcelina;0
Marline;0
Marysia;0
Mathild;0
Mavie;0
Mavis;0
Maxi;0
Maxima;0
Maximilia;0
Melat;0
Menesa;0
Mica;0
Mihra;0
Mili;0
Milia;0
Milina;0
Milja;0
Milka;0
Milly;0
Miona;0
Miral;0
Mjalta;0
Moa;0
Momo;0
Mélia;0
Naeli;0
Naelia;0
Naher;0
Naja;0
Nalina;0
Nalu;0
Namika;0
Narja;0
Nayomi;0
Nefes;0
Neria;0
Neve;0
Nevin;0
Newa;0
Niara;0
Nihal;0
Nikola;0
Nikoleta;0
Nissa;0
Nissi;0
Noara;0
Nouk;0
Nouria;0
Noélia;0
Nuara;0
Oline;0
Omnia;0
Orinda;0
Patrycja;0
Pelda;0
Peri;0
Phoenix;0
Ramóna;0
Ravza;0
Ray;0
Rebecka;0
Renea;0
Reya;0
Rihanna;0
Riola;0
Rital;0
Rivana;0
Riya;0
Roela;0
Roena;0
Roxy;0
Rut;0
Rylee;0
Saathvika;0
Sajra;0
Salem;0
Samaya;0
Samina;0
Sansa;0
Saoirse;0
Saray;0
Savina;0
Selah;0
Severina;0
Shay;0
Sidratul;0
Sierra;0
Sol;0
Soliana;0
Sonea;0
Staa;0
Suana;0
Suara;0
Suhejla;0
Sura;0
Tajra;0
Taliah;0
Taynara;0
Taís;0
Tekla;0
Thiyana;0
Toni;0
Torvi;0
Tsion;0
Valia;0
Vayana;0
Via;0
Vianne;0
Violette;0
Wiktoria;0
Xiana;0
Yanara;0
Yohanna;0
Yokabed;0
Yue;0
Yuval;0
Yve;0
Zendaya;0
Zerda;0
Zola;0
Zümra;0
Áurea;0
Éline;0
Öykü;0
Livie;0
Aïna;0
Blanche;0
Caetana;0
Eliora;0
Eliya;0
Eloah;0
Elyse;0
Haya;0
Kessy;0
Lyah;0
Lylou;0
Mady;0
Maylee;0
Mayline;0
Myah;0
Rosie;0
Syana;0
Ève;0
Abygaëlle;0
Adja;0
Aelys;0
Aeris;0
Aishe;0
Alyce;0
Alysson;0
Amaïa;0
Aoife;0
Assil;0
Awa;0
Ayiana;0
Aïssa;0
Bia;0
Chayma;0
Célya;0
Daya;0
Dayanna;0
Dânia;0
Elinor;0
Eloá;0
Eloísa;0
Eléanore;0
Enza;0
Eryn;0
Evi;0
Félicie;0
Giana;0
Hilda;0
Hilona;0
Inaïs;0
Irène;0
Jaya;0
Kalya;0
Kaylie;0
Kaïna;0
Kenna;0
Keziah;0
Kimia;0
Kymia;0
Layanne;0
Lehna;0
Leire;0
Lilah;0
Liorah;0
Liséa;0
Lycia;0
Maddy;0
Madie;0
Maelys;0
Mahlia;0
Maxyne;0
Mayara;0
Mayssane;0
Maélie;0
Maëlia;0
Maëlyne;0
Maïline;0
Maïly;0
Maïwen;0
Milie;0
Mily;0
Milya;0
Méloée;0
Naora;0
Naélia;0
Nessa;0
Nélya;0
Opale;0
Pilar;0
Rabiya;0
Raven;0
Rhéa;0
Sanaa;0
Sayna;0
Suzie;0
Syanna;0
Troya;0
Tyana;0
Youna;0
Ysée;0
Élisa;0
Éléa;0
Énéa;0
Éva;0
Évie;0
Avery;0
Khloe;0
Lexa;0
Lindsey;0
Yosan;0
Aanya;0
Adara;0
Alexandria;0
Alexya;0
Aleynah;0
Alima;0
Alyana;0
Alyona;0
Amaryllis;0
Amayra;0
Aminna;0
Amora;0
Amyrah;0
Anaira;0
Anaisha;0
Anastazja;0
Anikha;0
Anna-Lina;0
Annalise;0
Annaël;0
Anysha;0
Athenea;0
Ayaan;0
Ayan;0
Bea;0
Bitania;0
Briella;0
Brooklyn;0
Béryl;0
Ceyla;0
Chani;0
Chayna;0
Constança;0
Cíntia;0
Deren;0
Drina;0
Elainy;0
Eleanna;0
Elianne;0
Elianor;0
Elle;0
Ellin;0
Elvana;0
Emylou;0
Emília;0
Ernela;0
Evangelina;0
Everly;0
Eylem;0
Fiadh;0
Fiorella;0
Florencia;0
Frederika;0
Georgiana;0
Grâce;0
Halisa;0
Hamta;0
Haylie;0
Hyab;0
Isabela;0
Jalia;0
Janie;0
Jeyla;0
Jocelyn;0
Jonila;0
Joud;0
Jun;0
Kamilla;0
Kasia;0
Keïla;0
Kiona;0
Ksanet;0
Kumsal;0
Kéziah;0
Laiana;0
Laylah;0
Lediona;0
Lejana;0
Leyva;0
Lilla;0
Lison;0
Lizda;0
Loena;0
Lyha;0
Lyra;0
Lía;0
Maelya;0
Mahalia;0
Mahina;0
Mahra;0
Manessa;0
Manisa;0
Manoa;0
Mar;0
Margarita;0
Maria-Elena;0
Mariya;0
Martyna;0
Maylen;0
Meiko;0
Meklit;0
Milagros;0
Minerva;0
Minka;0
Mirabelle;0
Mylie;0
Naelle;0
Naida;0
Natalina;0
Naylah;0
Noane;0
Noora;0
Nori;0
Noëlia;0
Nyra;0
Odelia;0
Olympia;0
Onida;0
Ornela;0
Oxanne;0
Penélope;0
Rakeb;0
Ranya;0
Reyana;0
Rida;0
River;0
Rivka;0
Riyana;0
Rytal;0
Sama;0
Selva;0
Sham;0
Shanti;0
Shelby;0
Shona;0
Skylar;0
Speranza;0
Suhana;0
Suki;0
Sára;0
Séraphine;0
Tahani;0
Tesnim;0
Thalía;0
Thora;0
Valeri;0
Vanya;0
Vega;0
Vian;0
Violet;0
Warda;0
Yalda;0
Yaminah;0
Yiyi;0
Yohana;0
Yolyana;0
Yuina;0
Zavin;0
Zaynab;0
Zeina;0
Zeyna;0
Zoy;0